id;nom;prenom;email;password;created_at;role
1;Cambodia Frozen Concrete;Borders;Stephany.Beatty@gmail.com;Communications navigating;2023-05-30T12:31:58;PRESTATAIRE
2;Persevering Grocery;Keyboard;Fredy.Bahringer92@gmail.com;set;2023-05-30T15:30:39;PRESTATAIRE
3;Borders cyan Shoes;Shilling calculating;Reese88@gmail.com;Account maximized Oval;2023-05-30T16:17:07;PRESTATAIRE
4;Chair;Angola connecting;Mohamed_Runolfsson@gmail.com;Shoes Tajikistan;2023-05-30T17:29:03;PRESTATAIRE
5;invoice azure Factors;Wooden installation Fresh;Kenyatta.Schroeder@yahoo.com;Infrastructure;2023-05-30T08:17:32;PRESTATAIRE
6;definition scalable collaborative;Shoes grey;Fredy_Ziemann@gmail.com;synthesizing Credit;2023-05-30T09:18:36;PRESTATAIRE
7;SQL Netherlands deposit;Adaptive Creek;Dillan.Greenfelder0@yahoo.com;Soap Account;2023-05-30T10:43:45;PRESTATAIRE
8;Hawaii Cambridgeshire;TCP indexing;Helga87@yahoo.com;National Wooden Rial;2023-05-30T10:58:57;ETUDIANT
9;systems;transmit Berkshire Ergonomic;Rocio.Mertz57@yahoo.com;cross-platform;2023-05-31T03:19:26;PRESTATAIRE
10;Movies;Greens Maine Shirt;Mary_Ryan@gmail.com;EXE;2023-05-30T10:52:39;ETUDIANT
